insert into global_settings (code, name, value) values ('MULTIUSER_MODE', 'Многопользовательский режим', 'YES');
insert into global_settings (code, name, value) values ('POST_PREMODERATION', 'Премодерация постов', 'YES');
insert into global_settings (code, name, value) values ('STATISTICS_IS_PUBLIC', 'Показывать всем статистику блога', 'YES');
INSERT INTO users (code,email,is_moderator,name,password,photo,reg_time) VALUES (NULL,'user1@mail.ru',1,'user 1','$2y$12$M82SJkBXcfZii1No4AT9hufCB6mYlOjIJAVVgK9G5cOMBs4EIqWEi',NULL,'2018-11-13 14:52:00');
INSERT INTO users (code,email,is_moderator,name,password,photo,reg_time) VALUES (NULL,'user2@mail.ru',0,'user 2','$2y$12$M82SJkBXcfZii1No4AT9hufCB6mYlOjIJAVVgK9G5cOMBs4EIqWEi',NULL,'2018-11-13 14:52:00');
INSERT INTO users (code,email,is_moderator,name,password,photo,reg_time) VALUES (NULL,'user3@mail.ru',0,'user 3','$2y$12$M82SJkBXcfZii1No4AT9hufCB6mYlOjIJAVVgK9G5cOMBs4EIqWEi',NULL,'2018-11-13 14:52:00');
INSERT INTO users (code,email,is_moderator,name,password,photo,reg_time) VALUES (NULL,'user4@mail.ru',0,'user 4','$2y$12$M82SJkBXcfZii1No4AT9hufCB6mYlOjIJAVVgK9G5cOMBs4EIqWEi',NULL,'2018-11-13 14:52:00');
INSERT INTO users (code,email,is_moderator,name,password,photo,reg_time) VALUES (NULL,'user5@mail.ru',0,'user 5','$2y$12$M82SJkBXcfZii1No4AT9hufCB6mYlOjIJAVVgK9G5cOMBs4EIqWEi',NULL,'2018-11-13 14:52:00');
INSERT INTO users (code,email,is_moderator,name,password,photo,reg_time) VALUES (NULL,'user6@mail.ru',0,'user 6','$2y$12$M82SJkBXcfZii1No4AT9hufCB6mYlOjIJAVVgK9G5cOMBs4EIqWEi',NULL,'2018-11-13 14:52:00');
INSERT INTO users (code,email,is_moderator,name,password,photo,reg_time) VALUES (NULL,'user7@mail.ru',0,'user 7','$2y$12$M82SJkBXcfZii1No4AT9hufCB6mYlOjIJAVVgK9G5cOMBs4EIqWEi',NULL,'2018-11-13 14:52:00');
INSERT INTO users (code,email,is_moderator,name,password,photo,reg_time) VALUES (NULL,'user8@mail.ru',0,'user 8','$2y$12$M82SJkBXcfZii1No4AT9hufCB6mYlOjIJAVVgK9G5cOMBs4EIqWEi',NULL,'2018-11-13 14:52:00');
INSERT INTO posts (id, is_active, moderation_status, `text`, `time`, title, view_count, moderator_id, user_id) VALUES(1, 1, 'ACCEPTED', 'Text1', '2020-12-19 15:04:44', 'Title1', 0, NULL, 1);
INSERT INTO posts (id, is_active, moderation_status, `text`, `time`, title, view_count, moderator_id, user_id) VALUES(2, 1, 'ACCEPTED', 'Text2', '2020-12-20 17:04:44', 'Title2', 0, NULL, 1);
INSERT INTO posts (id, is_active, moderation_status, `text`, `time`, title, view_count, moderator_id, user_id) VALUES(3, 1, 'ACCEPTED', 'Text3', '2020-12-21 13:04:44', 'Title3', 0, NULL, 1);
INSERT INTO posts (id, is_active, moderation_status, `text`, `time`, title, view_count, moderator_id, user_id) VALUES(4, 1, 'ACCEPTED', 'Text4', '2020-12-22 09:04:44', 'Title4', 0, NULL, 1);
INSERT INTO posts (id, is_active, moderation_status, `text`, `time`, title, view_count, moderator_id, user_id) VALUES(5, 1, 'ACCEPTED', 'Text5find', '2021-01-02 12:04:44', 'Title find', 0, 1, 2);
INSERT INTO posts (id, is_active, moderation_status, `text`, `time`, title, view_count, moderator_id, user_id) VALUES(6, 1, 'ACCEPTED', 'Text6', '2021-01-03 14:04:44', 'Title6', 0, 1, 2);
INSERT INTO posts (id, is_active, moderation_status, `text`, `time`, title, view_count, moderator_id, user_id) VALUES(7, 1, 'ACCEPTED', 'Text7find', '2021-01-04 19:04:44', 'Title7', 0, 1, 2);
INSERT INTO posts (id, is_active, moderation_status, `text`, `time`, title, view_count, moderator_id, user_id) VALUES(8, 1, 'ACCEPTED', 'Text8', '2021-01-06 23:04:44', 'Title8find', 0, 1, 3);
INSERT INTO posts (id, is_active, moderation_status, `text`, `time`, title, view_count, moderator_id, user_id) VALUES(9, 1, 'ACCEPTED', 'Text9', '2021-01-07 02:04:44', 'Title9', 0, 1, 3);
INSERT INTO posts (id, is_active, moderation_status, `text`, `time`, title, view_count, moderator_id, user_id) VALUES(10, 1, 'ACCEPTED', 'Text10', '2021-01-08 16:04:44', 'Title10', 0, 1, 3);
INSERT INTO posts (id, is_active, moderation_status, `text`, `time`, title, view_count, moderator_id, user_id) VALUES(11, 0, 'ACCEPTED', 'Text11', '2021-01-12 19:51:44', 'Title11', 0, NULL, 1);
INSERT INTO posts (id, is_active, moderation_status, `text`, `time`, title, view_count, moderator_id, user_id) VALUES(12, 1, 'NEW', 'Text12', '2021-01-12 14:52:44', 'Title12', 0, NULL, 2);
INSERT INTO posts (id, is_active, moderation_status, `text`, `time`, title, view_count, moderator_id, user_id) VALUES(13, 1, 'NEW', 'Text13', '2021-01-12 12:51:44', 'Title13', 0, NULL, 3);
INSERT INTO posts (id, is_active, moderation_status, `text`, `time`, title, view_count, moderator_id, user_id) VALUES(14, 1, 'DECLINED', 'Text14', '2021-01-11 11:51:44', 'Title14', 0, 1, 2);
INSERT INTO posts (id, is_active, moderation_status, `text`, `time`, title, view_count, moderator_id, user_id) VALUES(15, 0, 'NEW', 'Text15', '2021-01-14 19:51:44', 'Title15', 0, NULL, 2);
INSERT INTO tags (id, name) VALUES(1, 'T1');
INSERT INTO tags (id, name) VALUES(2, 'T2');
INSERT INTO tags (id, name) VALUES(3, 'T3');
INSERT INTO tag2post (tag_id, post_id) VALUES(1, 1);
INSERT INTO tag2post (tag_id, post_id) VALUES(2, 1);
INSERT INTO tag2post (tag_id, post_id) VALUES(3, 1);
INSERT INTO tag2post (tag_id, post_id) VALUES(1, 2);
INSERT INTO tag2post (tag_id, post_id) VALUES(2, 2);
INSERT INTO tag2post (tag_id, post_id) VALUES(1, 3);
INSERT INTO tag2post (tag_id, post_id) VALUES(3, 3);
INSERT INTO tag2post (tag_id, post_id) VALUES(1, 4);
INSERT INTO tag2post (tag_id, post_id) VALUES(1, 5);
INSERT INTO tag2post (tag_id, post_id) VALUES(2, 5);
INSERT INTO tag2post (tag_id, post_id) VALUES(3, 5);
INSERT INTO tag2post (tag_id, post_id) VALUES(3, 6);
INSERT INTO post_votes (id, `time`, value, post_id, user_id) VALUES(1, '2020-12-19 22:34:42', 1, 1, 2);
INSERT INTO post_votes (id, `time`, value, post_id, user_id) VALUES(2, '2020-12-19 22:34:42', 1, 1, 3);
INSERT INTO post_votes (id, `time`, value, post_id, user_id) VALUES(3, '2020-12-19 22:34:42', 1, 1, 4);
INSERT INTO post_votes (id, `time`, value, post_id, user_id) VALUES(4, '2020-12-19 22:34:42', 1, 1, 5);
INSERT INTO post_votes (id, `time`, value, post_id, user_id) VALUES(5, '2020-12-19 22:34:42', 1, 1, 6);
INSERT INTO post_votes (id, `time`, value, post_id, user_id) VALUES(6, '2020-12-19 22:34:42', 1, 1, 7);
INSERT INTO post_votes (id, `time`, value, post_id, user_id) VALUES(7, '2020-12-19 22:34:42', 1, 1, 8);
INSERT INTO post_votes (id, `time`, value, post_id, user_id) VALUES(8, '2020-12-19 22:34:42', 1, 5, 1);
INSERT INTO post_votes (id, `time`, value, post_id, user_id) VALUES(9, '2020-12-19 22:34:42', 1, 5, 3);
INSERT INTO post_votes (id, `time`, value, post_id, user_id) VALUES(10, '2020-12-19 22:34:42', 1, 5, 4);
INSERT INTO post_votes (id, `time`, value, post_id, user_id) VALUES(11, '2020-12-19 22:34:42', 1, 5, 5);
INSERT INTO post_votes (id, `time`, value, post_id, user_id) VALUES(12, '2020-12-19 22:34:42', 1, 5, 6);
INSERT INTO post_votes (id, `time`, value, post_id, user_id) VALUES(13, '2020-12-19 22:34:42', 1, 5, 7);
INSERT INTO post_votes (id, `time`, value, post_id, user_id) VALUES(14, '2020-12-19 22:34:42', 1, 8, 1);
INSERT INTO post_votes (id, `time`, value, post_id, user_id) VALUES(15, '2020-12-19 22:34:42', 1, 8, 2);
INSERT INTO post_votes (id, `time`, value, post_id, user_id) VALUES(16, '2020-12-19 22:34:42', 1, 8, 4);
INSERT INTO post_votes (id, `time`, value, post_id, user_id) VALUES(17, '2020-12-19 22:34:42', 1, 8, 5);
INSERT INTO post_votes (id, `time`, value, post_id, user_id) VALUES(18, '2020-12-19 22:34:42', -1, 2, 2);
INSERT INTO post_votes (id, `time`, value, post_id, user_id) VALUES(19, '2020-12-19 22:34:42', -1, 2, 3);
INSERT INTO post_votes (id, `time`, value, post_id, user_id) VALUES(20, '2020-12-19 22:34:42', -1, 2, 4);
INSERT INTO post_votes (id, `time`, value, post_id, user_id) VALUES(21, '2020-12-19 22:34:42', -1, 2, 5);
INSERT INTO post_votes (id, `time`, value, post_id, user_id) VALUES(22, '2020-12-19 22:34:42', -1, 2, 6);
INSERT INTO post_votes (id, `time`, value, post_id, user_id) VALUES(23, '2020-12-19 22:34:42', -1, 7, 1);
INSERT INTO post_votes (id, `time`, value, post_id, user_id) VALUES(24, '2020-12-19 22:34:42', -1, 7, 3);
INSERT INTO post_votes (id, `time`, value, post_id, user_id) VALUES(25, '2020-12-19 22:34:42', -1, 7, 5);
INSERT INTO post_votes (id, `time`, value, post_id, user_id) VALUES(26, '2020-12-19 22:34:42', -1, 7, 6);
INSERT INTO post_votes (id, `time`, value, post_id, user_id) VALUES(27, '2020-12-19 22:34:42', -1, 10, 1);
INSERT INTO post_votes (id, `time`, value, post_id, user_id) VALUES(28, '2020-12-19 22:34:42', -1, 10, 2);
INSERT INTO post_comments (id, `text`, `time`, parent_id, post_id, user_id) VALUES(1, 'C1', '2020-12-19 22:06:36', NULL, 1, 2);
INSERT INTO post_comments (id, `text`, `time`, parent_id, post_id, user_id) VALUES(2, 'C2', '2020-12-19 22:06:36', NULL, 1, 3);
INSERT INTO post_comments (id, `text`, `time`, parent_id, post_id, user_id) VALUES(3, 'C3', '2020-12-19 22:06:36', NULL, 1, 4);
INSERT INTO post_comments (id, `text`, `time`, parent_id, post_id, user_id) VALUES(4, 'C4', '2020-12-19 22:06:36', NULL, 1, 5);
INSERT INTO post_comments (id, `text`, `time`, parent_id, post_id, user_id) VALUES(5, 'C5', '2020-12-19 22:06:36', NULL, 1, 6);
INSERT INTO post_comments (id, `text`, `time`, parent_id, post_id, user_id) VALUES(6, 'C6', '2020-12-19 22:06:36', NULL, 5, 1);
INSERT INTO post_comments (id, `text`, `time`, parent_id, post_id, user_id) VALUES(7, 'C7', '2020-12-19 22:06:36', NULL, 5, 3);
INSERT INTO post_comments (id, `text`, `time`, parent_id, post_id, user_id) VALUES(8, 'C8', '2020-12-19 22:06:36', NULL, 5, 4);
INSERT INTO post_comments (id, `text`, `time`, parent_id, post_id, user_id) VALUES(9, 'C8', '2020-12-19 22:06:36', NULL, 5, 5);
INSERT INTO post_comments (id, `text`, `time`, parent_id, post_id, user_id) VALUES(10, 'C8', '2020-12-19 22:06:36', NULL, 8, 1);
INSERT INTO post_comments (id, `text`, `time`, parent_id, post_id, user_id) VALUES(11, 'C8', '2020-12-19 22:06:36', NULL, 8, 2);
INSERT INTO post_comments (id, `text`, `time`, parent_id, post_id, user_id) VALUES(12, 'C8', '2020-12-19 22:06:36', NULL, 8, 4);
INSERT INTO post_comments (id, `text`, `time`, parent_id, post_id, user_id) VALUES(13, 'C8', '2020-12-19 22:06:36', NULL, 10, 1);
INSERT INTO post_comments (id, `text`, `time`, parent_id, post_id, user_id) VALUES(14, 'C8', '2020-12-19 22:06:36', 13, 10, 1);
